No,회사,제목,지역,상세보기
1,(주)큐센텍,JAVA 개발자 경력직 채용,서울 영등포구,https://job.incruit.com/jobdb_info/jobpost.asp?job=2604230001829&src=etc*search
2,에이티이정보(주),SM 업무 Java 개발 경력자 채용,경기 과천시,https://job.incruit.com/jobdb_info/jobpost.asp?job=2604280003518&src=etc*search
3,(주) 파인브이티,[수원] 공공기관 유지보수(JAVA/JSP),경기 수원시 권선구,https://job.incruit.com/jobdb_info/jobpost.asp?job=2604300000543&src=etc*search
4,연우정보기술(주),JAVA  REACT  경력  프로그래머-판교외전국,서울 금천구 외,https://job.incruit.com/jobdb_info/jobpost.asp?job=2604300002332&src=etc*search
5,연우정보기술(주),JAVA WEBSQUARE기반의 웹 애플리케이션 설계 및 개발-전국,서울,https://job.incruit.com/jobdb_info/jobpost.asp?job=2604300002351&src=etc*search
6,(주)거룡아이티,2026년 Web(java) 개발자 채용,경기 고양시 덕양구,https://job.incruit.com/jobdb_info/jobpost.asp?job=2605110004052&src=etc*search
7,연우정보기술(주),JAVA분석설계개발자 수시모집-광화문,서울 종로구,https://job.incruit.com/jobdb_info/jobpost.asp?job=2604300001655&src=etc*search
8,(주)피스페이스,"C/C++/JAVA 경력직 (Windows, Linux),",경기 성남시 분당구,https://job.incruit.com/jobdb_info/jobpost.asp?job=2605110004966&src=etc*search
9,주식회사 아이티웍스,JAVA 개발자 채용(경력 및 신입),대전 유성구,https://job.incruit.com/jobdb_info/jobpost.asp?job=2605080002541&src=etc*search
10,(주)디자인그룹나인,[정규직/선릉역] 자사 서비스 java 개발자모집.,서울 강남구,https://job.incruit.com/jobdb_info/jobpost.asp?job=2603250002133&src=etc*search
11,동성인재개발교육원,[부산자바학원] 국비교육 AI기반 K디지털  IT실무 자바 교육생 모집,부산 부산진구,https://job.incruit.com/jobdb_info/jobpost.asp?job=2603170002378&src=etc*search
12,(주)케인앤클루컨설팅,자바 백엔드 프로그램 개발 대리~과(차)장급 경력사원 모집,서울 서초구,https://job.incruit.com/jobdb_info/jobpost.asp?job=2603300000168&src=etc*search
13,주식회사 가람아이티,경력직 JAVA 개발자 채용,서울 금천구 외,https://job.incruit.com/jobdb_info/jobpost.asp?job=2603230002586&src=etc*search
14,(주)디자인그룹나인,[파견/3개월] 금융 관련 서비스 플랫폼 백엔드 JAVA 개발자 모집,서울 강남구,https://job.incruit.com/jobdb_info/jobpost.asp?job=2604080003173&src=etc*search
15,(주)디자인그룹나인,[파견/7개월] 저축은행 java개발자 모집,서울 중구,https://job.incruit.com/jobdb_info/jobpost.asp?job=2604010000811&src=etc*search
16,주식회사 이지서티,"솔루션 플랫폼 개발자 경력 (JAVA, C 등)",서울 서초구,https://job.incruit.com/jobdb_info/jobpost.asp?job=2604290000826&src=etc*search
17,파워에이치알,[중견 IT솔루션] Java 개발자(경력 5년 - 12년),서울 영등포구,https://job.incruit.com/jobdb_info/jobpost.asp?job=2604270004938&src=etc*search
18,커리어커넥트(주),대형저축은행 IT개발팀원 (금융권 여신업무 JAVA 개발자),서울,https://job.incruit.com/jobdb_info/jobpost.asp?job=2604060001318&src=etc*search
19,(주)라스테크,<5.27(수) 대전 일자리수요데이 참여 업체>  공공/민간 SI 및 SM 프로젝트 JAVA개발자 모집,대전 유성구,https://job.incruit.com/jobdb_info/jobpost.asp?job=2605110005531&src=etc*search
20,소프트디비코리아(주),[주식회사 시스플랫] JAVA/JSP 초급(3년이상) 또는 중급 웹 개발자 모집합니다.,서울 서초구,https://job.incruit.com/jobdb_info/jobpost.asp?job=2605080003472&src=etc*search
21,(주)디자인그룹나인,[파견/12개월/여의도] 보험사 차세대 프로젝트/ 중-고급 Java개발자 구인,경기 용인시 기흥구,https://job.incruit.com/jobdb_info/jobpost.asp?job=2604080003161&src=etc*search
22,(주)디자인그룹나인,[파견/3~5개월] 대기업 웹 서비스 구축 및 운영,서울 영등포구,https://job.incruit.com/jobdb_info/jobpost.asp?job=2605060002406&src=etc*search
23,파워에이치알,[중견 IT솔루션] 연계솔루션 기술지원(경력 3년 - 12년),서울 영등포구,https://job.incruit.com/jobdb_info/jobpost.asp?job=2604270004939&src=etc*search
24,탑커리어인사이트,상장기업 AI솔루션 백엔드개발,서울 강남구,https://job.incruit.com/jobdb_info/jobpost.asp?job=2605090001036&src=etc*search
25,네오,웹 개발자 모집,광주 서구,https://job.incruit.com/jobdb_info/jobpost.asp?job=2604270002259&src=etc*search
26,(주)체스트넛,웹/앱 개발 신입,서울 금천구,https://job.incruit.com/jobdb_info/jobpost.asp?job=2604150000895&src=etc*search
27,우진이앤에스(주),AI 기반 BEMS·산업 IoT 소프트웨어 개발자 신입/경력 정규직 채용 ? 산업 IoT·PLC 연동,전북 완주군,https://job.incruit.com/jobdb_info/jobpost.asp?job=2605060005034&src=etc*search
28,안진회계법인,[딜로이트 안진회계법인] 회계감사부문 AI Asset & Analytics 개발 직무 계약직(정규직 전환형),서울 영등포구,https://job.incruit.com/jobdb_info/jobpost.asp?job=2604270002421&src=etc*search
29,(주)씨에프정보통신,(주)싸이크로스Web/App 개발자 경력사원 모집,서울 강남구,https://job.incruit.com/jobdb_info/jobpost.asp?job=2604280003548&src=etc*search
30,신진아이티,응용 프로그래머 채용(경력직),대전 서구,https://job.incruit.com/jobdb_info/jobpost.asp?job=2604270003007&src=etc*search
